,Pred
0,1
1,0
2,0
3,1
4,1
5,1
6,1
7,1
8,1
9,1
10,0
11,0
12,1
13,0
14,1
15,0
16,1
17,1
18,0
19,1
20,0
21,1
22,0
23,1
24,1
25,0
26,0
27,1
28,0
29,1
30,0
31,1
32,0
33,0
34,0
35,0
36,0
37,1
38,0
39,0
40,0
41,1
42,1
43,1
44,0
45,1
46,0
47,0
48,0
49,1
50,0
51,1
52,0
53,0
54,1
55,1
56,0
57,1
58,1
59,0
60,0
61,0
62,1
63,1
64,0
65,1
66,1
67,1
68,1
69,0
70,1
71,1
72,0
73,0
74,1
75,0
76,1
77,1
78,1
79,0
80,1
81,0
82,1
83,0
84,0
85,1
86,0
87,0
88,0
89,1
90,0
91,1
92,0
93,1
94,1
95,0
96,1
97,1
98,0
99,0
100,0
101,0
102,1
103,1
104,0
105,0
106,0
107,0
108,0
109,1
110,0
111,1
112,1
113,0
114,0
115,1
116,0
117,0
118,0
119,0
120,0
121,0
122,1
123,0
124,0
125,1
126,1
127,0
128,0
129,1
130,1
131,1
132,1
133,1
134,0
135,1
136,0
137,1
138,0
139,0
140,1
141,0
142,1
143,0
144,1
145,1
146,0
147,1
148,0
149,0
150,1
151,1
152,0
153,0
154,1
155,1
156,1
157,0
158,0
159,0
160,0
161,0
162,0
163,0
164,0
165,0
166,0
167,0
168,1
169,1
170,0
171,1
172,1
173,0
174,0
175,0
176,0
177,0
178,0
179,1
180,0
181,1
182,0
183,0
184,1
185,0
186,0
187,0
188,0
189,1
190,0
191,1
192,1
193,1
194,1
195,1
196,0
197,0
198,1
199,0
200,0
201,1
202,0
203,0
204,1
205,0
206,1
207,0
208,0
209,1
210,0
211,1
212,1
213,0
214,0
215,0
216,0
217,0
218,0
219,1
220,0
221,0
222,0
223,1
224,1
225,0
226,0
227,0
228,0
229,1
230,1
231,0
232,0
233,1
234,0
235,0
236,1
237,0
238,0
239,1
240,0
241,0
242,0
243,1
244,1
245,1
246,0
247,0
248,0
249,1
250,1
251,1
252,0
253,0
254,0
255,1
256,0
257,0
258,0
259,1
260,1
261,1
262,0
263,0
264,1
265,0
266,0
267,1
268,0
269,1
270,1
271,0
272,0
273,1
274,0
275,1
276,0
277,0
278,1
279,1
280,0
281,0
282,0
283,1
284,1
285,0
286,1
287,0
288,0
289,1
290,0
291,1
292,0
293,0
294,0
295,1
296,0
297,0
298,1
299,0
300,1
301,1
302,0
303,0
304,0
305,1
306,0
307,1
308,1
309,0
310,1
311,0
312,0
313,1
314,0
315,1
316,1
317,1
318,1
319,0
320,1
321,0
322,0
323,1
324,1
325,1
326,0
327,0
328,0
329,0
330,0
331,0
332,0
333,0
334,0
335,1
336,0
337,0
338,1
339,0
340,1
341,1
342,0
343,1
344,0
345,0
346,0
347,1
348,1
349,1
350,1
351,0
352,1
353,1
354,1
355,1
356,0
357,1
358,0
359,0
360,0
361,0
362,1
363,1
364,0
365,1
366,1
367,1
368,0
369,0
370,0
371,0
372,1
373,1
374,0
375,0
376,0
377,0
378,0
379,0
380,0
381,1
382,0
383,1
384,0
385,0
386,1
387,0
388,1
389,1
390,0
391,1
392,0
393,0
394,0
395,0
396,1
397,0
398,0
399,0
400,1
401,0
402,0
403,0
404,1
405,0
406,0
407,0
408,1
409,1
410,0
411,1
412,0
413,0
414,0
415,1
416,0
417,1
418,1
419,1
420,0
421,1
422,0
423,1
424,0
425,0
426,1
427,1
428,0
429,0
430,0
431,0
432,1
433,1
434,1
435,0
436,0
437,0
438,0
439,1
440,1
441,0
442,1
443,0
444,0
445,1
446,0
447,0
448,1
449,1
450,0
451,1
452,0
453,1
454,1
455,0
456,0
457,0
458,0
459,1
460,1
461,1
462,1
463,0
464,0
465,0
466,0
467,0
468,1
469,1
470,0
471,0
472,0
473,1
474,0
475,1
476,0
477,0
478,0
479,1
480,0
481,1
482,0
483,0
484,0
485,1
486,1
487,0
488,0
489,1
490,0
491,0
492,0
493,0
494,1
495,0
496,0
497,0
498,0
499,1
500,0
501,1
502,1
503,0
504,0
505,0
506,0
507,1
508,1
509,0
510,0
511,1
512,1
513,1
514,1
515,1
516,0
517,1
518,1
519,1
520,1
521,1
522,1
523,0
524,1
525,1
526,1
527,1
528,0
529,0
530,0
531,0
532,0
533,1
534,0
535,0
536,0
537,1
538,0
539,1
540,1
541,0
542,0
543,0
544,1
545,1
546,0
547,0
548,1
549,0
550,0
551,0
552,0
553,1
554,0
555,1
556,0
557,0
558,1
559,1
560,0
561,1
562,0
563,0
564,0
565,0
566,1
567,0
568,1
569,1
570,0
571,1
572,1
573,0
574,0
575,0
576,1
577,1
578,0
579,0
580,1
581,0
582,0
583,1
584,0
585,1
586,1
587,0
588,1
589,0
590,1
591,0
592,1
593,0
594,1
595,0
596,1
597,0
598,1
599,0
600,0
601,0
602,0
603,1
604,0
605,1
606,1
607,1
608,1
609,1
610,0
611,0
612,0
613,1
614,0
615,1
616,1
617,0
618,0
619,1
620,1
621,1
622,0
623,0
624,1
625,1
626,1
627,1
628,1
629,0
630,0
631,0
632,0
633,0
634,0
635,0
636,0
637,0
638,0
639,1
640,0
641,0
642,0
643,0
644,1
645,0
646,0
647,0
648,1
649,1
650,1
651,0
652,1
653,0
654,1
655,0
656,1
657,1
658,0
659,1
660,1
661,0
662,1
663,0
664,1
665,1
666,0
667,0
668,0
669,0
670,0
671,1
672,1
673,0
674,1
675,1
676,1
677,1
678,1
679,1
680,0
681,0
682,0
683,0
684,0
685,0
686,1
687,1
688,0
689,0
690,0
691,0
692,1
693,0
694,1
695,0
696,0
697,0
698,0
699,0
700,0
701,1
702,0
703,0
704,1
705,1
706,1
707,0
708,0
709,0
710,0
711,1
712,0
713,1
714,0
715,0
716,1
717,0
718,0
719,1
720,0
721,0
722,1
723,0
724,1
725,1
726,0
727,1
728,0
729,0
730,0
731,0
732,0
733,1
734,0
735,0
736,1
737,0
738,1
739,1
740,1
741,0
742,0
743,0
744,0
745,0
746,1
747,1
748,0
749,1
750,1
751,0
752,0
753,0
754,0
755,1
756,1
757,0
758,1
759,0
760,1
761,0
762,0
763,1
764,0
765,0
766,0
767,0
768,0
769,1
770,0
771,0
772,0
773,1
774,1
775,1
776,0
777,0
778,1
779,0
780,0
781,0
782,0
783,1
784,1
785,1
786,1
787,0
788,0
789,0
790,1
791,1
792,1
793,1
794,1
795,0
796,1
797,1
798,0
799,0
800,1
801,0
802,0
803,1
804,1
805,1
806,0
807,0
808,0
809,1
810,0
811,0
812,1
813,1
814,0
815,1
816,0
817,0
818,0
819,1
820,1
821,0
822,0
823,1
824,0
825,1
826,0
827,0
828,0
829,1
830,0
831,0
832,1
833,0
834,0
835,1
836,0
837,0
838,1
839,0
840,0
841,0
842,0
843,1
844,0
845,0
846,0
847,0
848,0
849,0
850,1
851,1
852,0
853,1
854,1
855,0
856,1
857,1
858,0
859,1
860,0
861,0
862,1
863,0
864,1
865,0
866,0
867,1
868,1
869,0
870,0
871,1
872,1
873,0
874,1
875,1
876,0
877,0
878,1
879,1
880,1
881,0
882,0
883,0
884,1
885,1
886,0
887,1
888,1
889,0
890,0
891,0
892,1
893,1
894,0
895,1
896,1
897,1
898,0
899,0
900,1
901,1
902,1
903,0
904,0
905,1
906,0
907,0
908,1
909,0
910,0
911,0
912,1
913,0
914,1
915,1
916,1
917,1
918,0
919,1
920,0
921,0
922,0
923,0
924,1
925,1
926,0
927,0
928,0
929,0
930,0
931,1
932,1
933,1
934,0
935,0
936,1
937,1
938,0
939,0
940,0
941,0
942,0
943,1
944,0
945,0
946,1
947,0
948,0
949,1
950,1
951,0
952,1
953,0
954,0
955,0
956,0
957,0
958,0
959,0
960,1
961,0
962,1
963,1
964,1
965,1
966,0
967,0
968,1
969,0
970,0
971,0
972,1
973,0
974,1
975,1
976,1
977,0
978,1
979,1
980,1
981,1
982,0
983,0
984,1
985,1
986,0
987,1
988,0
989,1
990,0
991,0
992,1
993,1
994,1
995,1
996,1
997,1
998,1
999,0
1000,1
1001,0
1002,1
1003,1
1004,0
1005,0
1006,1
1007,0
1008,1
1009,0
1010,0
1011,1
1012,0
1013,0
1014,1
1015,1
1016,0
1017,0
1018,1
1019,1
1020,0
1021,1
1022,1
1023,0
1024,0
1025,1
1026,0
1027,0
1028,1
1029,0
1030,0
1031,1
1032,1
1033,1
1034,0
1035,1
1036,0
1037,0
1038,0
1039,0
1040,1
1041,1
1042,1
1043,1
1044,0
1045,1
1046,0
1047,0
1048,0
1049,0
1050,0
1051,1
1052,1
1053,0
1054,0
1055,1
1056,0
1057,1
1058,0
1059,0
1060,1
1061,0
1062,0
1063,0
1064,0
1065,1
1066,1
1067,1
1068,1
1069,1
1070,0
1071,1
1072,1
1073,1
1074,0
1075,0
1076,1
1077,1
1078,1
1079,0
1080,1
1081,1
1082,1
1083,0
1084,0
1085,0
1086,0
1087,1
1088,0
1089,0
1090,1
1091,0
1092,0
1093,0
1094,1
1095,0
1096,0
1097,1
1098,0
1099,1
1100,1
1101,0
1102,0
1103,0
1104,1
1105,1
1106,1
1107,1
1108,1
1109,0
1110,0
1111,1
1112,0
1113,1
1114,0
1115,0
1116,0
1117,0
1118,1
1119,0
1120,1
1121,1
1122,1
1123,0
1124,0
1125,1
1126,1
1127,1
1128,1
1129,1
1130,0
1131,0
1132,1
1133,1
1134,0
1135,1
1136,0
1137,1
1138,1
1139,1
1140,0
1141,1
1142,1
1143,0
1144,0
1145,1
1146,0
1147,0
1148,0
1149,1
1150,1
1151,0
1152,0
1153,1
1154,0
1155,0
1156,1
1157,0
1158,0
1159,0
1160,0
1161,1
1162,1
1163,0
1164,0
1165,0
1166,1
1167,0
1168,1
1169,0
1170,1
1171,0
1172,0
1173,1
1174,1
1175,1
1176,1
1177,1
1178,0
1179,0
1180,0
1181,0
1182,0
1183,1
1184,1
1185,0
1186,1
1187,0
1188,0
1189,0
1190,0
1191,0
1192,1
1193,0
1194,0
1195,0
1196,0
1197,0
1198,1
1199,1
1200,0
1201,0
1202,0
1203,1
1204,1
1205,1
1206,0
1207,1
1208,0
1209,0
1210,0
1211,0
1212,1
1213,0
1214,1
1215,0
1216,1
1217,0
1218,1
1219,1
1220,0
1221,0
1222,1
1223,0
1224,1
1225,0
1226,1
1227,0
1228,0
1229,0
1230,0
1231,1
1232,0
1233,1
1234,1
1235,1
1236,1
1237,1
1238,1
1239,1
1240,0
1241,0
1242,0
1243,0
1244,0
1245,1
1246,1
1247,0
1248,1
1249,1
1250,0
1251,0
1252,0
1253,0
1254,1
1255,1
1256,1
1257,0
1258,0
1259,1
1260,1
1261,0
1262,1
1263,1
1264,0
1265,1
1266,1
1267,0
1268,0
1269,1
1270,0
1271,1
1272,1
1273,1
1274,0
1275,0
1276,0
1277,0
1278,1
1279,0
1280,1
1281,0
1282,0
1283,1
1284,1
1285,0
1286,1
1287,0
1288,0
1289,0
1290,0
1291,0
1292,1
1293,1
1294,0
1295,1
1296,1
1297,0
1298,0
1299,1
1300,1
1301,1
1302,1
1303,0
1304,1
1305,1
1306,1
1307,0
1308,0
1309,0
1310,1
1311,0
1312,0
1313,0
1314,0
1315,1
1316,0
1317,0
1318,0
1319,1
1320,0
1321,1
1322,0
1323,0
1324,0
1325,0
1326,0
1327,1
1328,0
1329,1
1330,1
1331,0
1332,0
1333,1
1334,0
1335,1
1336,1
1337,0
1338,1
1339,0
1340,0
1341,1
1342,0
1343,0
1344,0
1345,1
1346,1
1347,0
1348,0
1349,1
1350,1
1351,1
1352,1
1353,1
1354,1
1355,0
1356,1
1357,1
1358,0
1359,0
1360,0
1361,1
1362,1
1363,0
1364,1
1365,1
1366,0
1367,1
1368,1
1369,1
1370,1
1371,1
1372,0
1373,1
1374,0
1375,1
1376,1
1377,0
1378,0
1379,0
1380,1
1381,0
1382,0
1383,0
1384,0
1385,0
1386,0
1387,1
1388,0
1389,0
1390,0
1391,0
1392,0
1393,1
1394,0
1395,0
1396,1
1397,1
1398,0
1399,0
1400,0
1401,0
1402,0
1403,0
1404,0
1405,1
1406,0
1407,0
1408,0
1409,0
1410,1
1411,1
1412,1
1413,0
1414,0
1415,0
1416,1
1417,1
1418,1
1419,1
1420,1
1421,1
1422,0
1423,0
1424,1
1425,0
1426,1
1427,1
1428,0
1429,1
1430,0
1431,1
1432,0
1433,0
1434,0
1435,0
1436,0
1437,0
1438,0
1439,0
1440,0
1441,0
1442,0
1443,0
1444,0
1445,0
1446,1
1447,0
1448,0
1449,0
1450,0
1451,1
1452,0
1453,0
1454,0
1455,1
1456,1
1457,1
1458,0
1459,0
1460,0
1461,0
1462,0
1463,0
1464,1
1465,1
1466,1
1467,0
1468,0
1469,0
1470,0
1471,1
1472,1
1473,0
1474,0
1475,0
1476,1
1477,0
1478,1
1479,0
1480,1
1481,0
1482,1
1483,0
1484,0
1485,1
1486,0
1487,0
1488,0
1489,1
1490,1
1491,0
1492,1
1493,0
1494,0
1495,0
1496,1
1497,1
1498,1
1499,0
1500,1
1501,1
1502,1
1503,1
1504,1
1505,0
1506,0
1507,1
1508,0
1509,1
1510,1
1511,1
1512,1
1513,1
1514,0
1515,0
1516,0
1517,0
1518,1
1519,1
1520,0
1521,1
1522,0
1523,1
1524,0
1525,1
1526,0
1527,0
1528,1
1529,0
1530,0
1531,0
1532,0
1533,0
1534,0
1535,1
1536,0
1537,0
1538,1
1539,1
1540,0
1541,1
1542,0
1543,0
1544,0
1545,1
1546,1
1547,0
1548,0
1549,0
1550,1
1551,1
1552,1
1553,1
1554,1
1555,0
1556,1
1557,1
1558,0
1559,0
1560,0
1561,1
1562,1
1563,0
1564,0
1565,1
1566,0
1567,1
1568,0
1569,1
1570,1
1571,1
1572,1
1573,0
1574,1
1575,0
1576,0
1577,0
1578,0
1579,1
1580,0
1581,1
1582,1
1583,0
1584,0
1585,0
1586,1
1587,1
1588,0
1589,1
1590,0
1591,0
1592,0
1593,0
1594,1
1595,1
1596,0
1597,1
1598,1
1599,1
1600,1
1601,0
1602,0
1603,0
1604,0
1605,0
1606,1
1607,0
1608,0
1609,0
1610,0
1611,0
1612,0
1613,0
1614,1
1615,0
1616,1
1617,0
1618,0
1619,0
1620,1
1621,1
1622,0
1623,0
1624,0
1625,1
1626,1
1627,1
1628,0
1629,0
1630,1
1631,1
1632,0
1633,0
1634,1
1635,0
1636,0
1637,1
1638,1
1639,1
1640,1
1641,0
1642,0
1643,0
1644,1
1645,1
1646,1
1647,0
1648,0
1649,0
1650,0
1651,0
1652,0
1653,1
1654,1
1655,0
1656,1
1657,1
1658,0
1659,1
1660,0
1661,0
1662,1
1663,1
1664,1
1665,0
1666,1
1667,1
1668,1
1669,0
1670,0
1671,1
1672,0
1673,0
1674,1
1675,0
1676,1
1677,1
1678,0
1679,1
1680,0
1681,1
1682,0
1683,0
1684,0
1685,0
1686,1
1687,0
1688,0
1689,0
1690,0
1691,0
1692,0
1693,0
1694,1
1695,0
1696,1
1697,0
1698,0
1699,0
1700,1
1701,0
1702,1
1703,1
1704,1
1705,1
1706,1
1707,1
1708,0
1709,0
1710,1
1711,0
1712,0
1713,1
1714,1
1715,1
1716,0
1717,0
1718,0
1719,1
1720,0
1721,0
1722,1
1723,0
1724,0
1725,0
1726,0
1727,0
1728,0
1729,0
1730,0
1731,1
1732,0
1733,0
1734,0
1735,0
1736,1
1737,1
1738,1
1739,1
1740,0
1741,0
1742,1
1743,1
1744,1
1745,1
1746,0
1747,1
1748,0
1749,1
1750,0
1751,0
1752,1
1753,0
1754,0
1755,0
1756,0
1757,1
1758,1
1759,0
1760,1
1761,1
1762,1
1763,1
1764,0
1765,1
1766,0
1767,1
1768,1
1769,1
1770,1
1771,1
1772,1
1773,0
1774,0
1775,1
1776,0
1777,0
1778,1
1779,0
1780,1
1781,1
1782,0
1783,0
1784,0
1785,0
1786,1
1787,1
1788,1
1789,1
1790,1
1791,1
1792,0
1793,0
1794,0
1795,1
1796,0
1797,1
1798,1
1799,1
1800,0
1801,1
1802,1
1803,0
1804,1
1805,1
1806,1
1807,1
1808,1
1809,1
1810,1
1811,0
1812,0
1813,1
1814,1
1815,0
1816,0
1817,1
1818,1
1819,0
1820,0
1821,1
1822,0
1823,0
1824,1
1825,0
1826,1
1827,0
1828,0
1829,1
1830,1
1831,0
1832,1
1833,1
1834,0
1835,1
1836,1
1837,0
1838,0
1839,1
1840,0
1841,1
1842,1
1843,0
1844,1
1845,1
1846,0
1847,0
1848,1
1849,1
1850,0
1851,0
1852,0
1853,0
1854,1
1855,1
1856,0
1857,1
1858,0
1859,0
1860,0
1861,1
1862,1
1863,1
1864,1
1865,0
1866,0
1867,0
1868,0
1869,0
1870,1
1871,0
1872,0
1873,0
1874,0
1875,0
1876,0
1877,1
1878,1
1879,1
1880,1
1881,1
1882,1
1883,1
1884,0
1885,1
1886,1
1887,0
1888,1
1889,0
1890,1
1891,0
1892,0
1893,0
1894,0
1895,1
1896,1
1897,1
1898,0
1899,1
1900,1
1901,0
1902,1
1903,1
1904,0
1905,0
1906,0
1907,0
1908,0
1909,0
1910,1
1911,1
1912,0
1913,0
1914,0
1915,0
1916,0
1917,1
1918,1
1919,0
1920,0
1921,1
1922,1
1923,0
1924,0
1925,1
1926,1
1927,0
1928,0
1929,0
1930,1
1931,0
1932,1
1933,0
1934,1
1935,0
1936,0
1937,1
1938,0
1939,1
1940,0
1941,0
1942,1
1943,1
1944,0
1945,0
1946,1
1947,1
1948,0
1949,1
1950,0
1951,0
1952,1
1953,1
1954,0
1955,1
1956,1
1957,1
1958,1
1959,1
1960,1
1961,0
1962,0
1963,1
1964,1
1965,0
1966,0
1967,0
1968,1
1969,1
1970,0
1971,0
1972,1
1973,1
1974,1
1975,0
1976,0
1977,0
1978,0
1979,1
1980,0
1981,0
1982,0
1983,1
1984,1
1985,0
1986,1
1987,0
1988,0
1989,0
1990,0
1991,0
1992,0
1993,0
1994,1
1995,0
1996,0
1997,1
1998,0
1999,0
2000,0
2001,0
2002,0
2003,1
2004,0
2005,1
2006,0
2007,0
2008,1
2009,1
2010,0
2011,0
2012,1
2013,0
2014,1
2015,0
2016,0
2017,0
2018,1
2019,1
2020,0
2021,1
2022,0
2023,0
2024,1
2025,1
2026,1
2027,0
2028,0
2029,0
2030,0
2031,1
2032,0
2033,0
2034,1
2035,0
2036,1
2037,0
2038,0
2039,1
2040,0
2041,0
2042,0
2043,1
2044,0
2045,1
2046,1
2047,0
2048,0
2049,1
2050,0
2051,1
2052,0
2053,1
2054,1
2055,0
2056,0
2057,0
2058,0
2059,0
2060,0
2061,0
2062,1
2063,0
2064,0
2065,0
2066,0
2067,1
2068,0
2069,0
2070,1
2071,0
2072,1
2073,0
2074,1
2075,0
2076,1
2077,0
2078,1
2079,0
2080,1
2081,0
2082,1
2083,1
2084,0
2085,0
2086,0
2087,0
2088,0
2089,1
2090,1
2091,1
2092,0
2093,0
2094,0
2095,0
2096,0
2097,0
2098,0
2099,1
2100,1
2101,1
2102,1
2103,0
2104,0
2105,1
2106,0
2107,0
2108,0
2109,0
2110,1
2111,0
2112,1
2113,1
2114,1
2115,1
2116,0
2117,1
2118,0
2119,0
2120,1
2121,1
2122,0
2123,0
2124,1
2125,0
2126,0
2127,1
2128,0
2129,1
2130,0
2131,0
2132,1
2133,0
2134,0
2135,0
2136,0
2137,0
2138,1
2139,0
2140,0
2141,0
2142,0
2143,0
2144,0
2145,1
2146,0
2147,0
2148,0
2149,1
2150,1
2151,0
2152,1
2153,1
2154,0
2155,0
2156,0
2157,1
2158,1
2159,0
2160,0
2161,1
2162,0
2163,0
2164,0
2165,0
2166,1
2167,1
2168,0
2169,0
2170,0
2171,1
2172,1
2173,0
2174,0
2175,1
2176,1
2177,1
2178,0
2179,0
2180,0
2181,0
2182,0
2183,1
2184,1
2185,0
2186,0
2187,1
2188,0
2189,1
2190,0
2191,0
2192,1
2193,1
2194,0
2195,0
2196,1
2197,0
2198,1
2199,1
2200,1
2201,1
2202,0
2203,1
2204,1
2205,1
2206,0
2207,0
2208,0
2209,1
2210,1
2211,1
2212,1
2213,0
2214,0
2215,1
2216,0
2217,1
2218,1
2219,0
2220,0
2221,1
2222,0
2223,1
2224,1
2225,0
2226,0
2227,1
2228,0
2229,1
2230,0
2231,0
2232,1
2233,1
2234,1
2235,0
2236,1
2237,1
2238,0
2239,1
2240,1
2241,0
2242,1
2243,1
2244,0
2245,1
2246,1
2247,1
2248,1
2249,0
2250,1
2251,0
2252,1
2253,0
2254,1
2255,1
2256,0
2257,1
2258,1
2259,0
2260,1
2261,1
2262,1
2263,0
2264,1
2265,0
2266,0
2267,0
2268,0
2269,0
2270,0
2271,1
2272,0
2273,1
2274,0
2275,0
2276,1
2277,0
2278,0
2279,1
2280,0
2281,0
2282,1
2283,1
2284,0
2285,0
2286,1
2287,0
2288,1
2289,1
2290,0
2291,1
2292,1
2293,0
2294,1
2295,0
2296,0
2297,1
2298,0
2299,0
2300,1
2301,1
2302,0
2303,0
2304,0
2305,1
2306,1
2307,1
2308,0
2309,0
2310,1
2311,0
2312,1
2313,1
2314,1
2315,0
2316,1
2317,0
2318,1
2319,0
2320,0
2321,0
2322,1
2323,0
2324,0
2325,1
2326,0
2327,1
2328,0
2329,0
2330,1
2331,0
2332,0
2333,0
2334,0
2335,0
2336,1
2337,1
2338,0
2339,0
2340,1
2341,0
2342,0
2343,1
2344,0
2345,1
2346,0
2347,0
2348,0
2349,1
2350,1
2351,1
2352,1
2353,0
2354,1
2355,1
2356,0
2357,0
2358,1
2359,0
2360,0
2361,0
2362,1
2363,0
2364,0
2365,1
2366,1
2367,0
2368,0
2369,1
2370,1
2371,0
2372,1
2373,1
2374,0
2375,1
2376,1
2377,1
2378,0
2379,1
2380,0
2381,0
2382,1
2383,1
2384,1
2385,0
2386,0
2387,0
2388,0
2389,0
2390,1
2391,1
2392,0
2393,1
2394,0
2395,1
2396,0
2397,0
2398,1
2399,1
2400,0
2401,0
2402,1
2403,0
2404,0
2405,1
2406,1
2407,0
2408,1
2409,0
2410,1
2411,0
2412,0
2413,0
2414,1
2415,1
2416,0
2417,0
2418,1
2419,0
2420,1
2421,1
2422,0
2423,1
2424,1
2425,1
2426,0
2427,1
2428,1
2429,0
2430,1
2431,0
2432,1
2433,0
2434,1
2435,1
2436,1
2437,1
2438,1
2439,1
2440,0
2441,0
2442,0
2443,1
2444,0
2445,1
2446,1
2447,0
2448,1
2449,1
2450,0
2451,1
2452,0
2453,0
2454,1
2455,0
2456,1
2457,1
2458,0
2459,0
2460,0
2461,1
2462,1
2463,1
2464,1
2465,1
2466,0
2467,0
2468,0
2469,0
2470,1
2471,0
2472,1
2473,0
2474,1
2475,0
2476,1
2477,1
2478,1
2479,0
2480,0
2481,1
2482,1
2483,1
2484,1
2485,1
2486,0
2487,1
2488,0
2489,1
2490,0
2491,1
2492,1
2493,0
2494,1
2495,0
2496,1
2497,1
2498,1
2499,0
2500,1
2501,0
2502,1
2503,0
2504,0
2505,0
2506,0
2507,0
2508,0
2509,0
2510,1
2511,0
2512,1
2513,0
2514,1
2515,0
2516,1
2517,0
2518,1
2519,0
2520,1
2521,1
2522,0
2523,0
2524,1
2525,0
2526,1
2527,1
2528,1
2529,0
2530,0
2531,1
2532,1
2533,0
2534,0
2535,1
2536,1
2537,1
2538,1
2539,0
2540,1
2541,0
2542,1
2543,0
2544,0
2545,1
2546,1
2547,1
2548,1
2549,0
2550,0
2551,1
2552,1
2553,0
2554,1
2555,1
2556,1
2557,1
2558,1
2559,0
2560,0
2561,0
2562,0
2563,0
2564,1
2565,0
2566,1
2567,0
2568,1
2569,1
2570,0
2571,1
2572,0
2573,0
2574,1
2575,1
2576,1
2577,1
2578,1
2579,0
2580,0
2581,0
2582,1
2583,0
2584,0
2585,0
2586,0
2587,0
2588,0
2589,1
2590,0
2591,1
2592,0
2593,1
2594,0
2595,1
2596,1
2597,0
2598,1
2599,0
2600,0
2601,0
2602,1
2603,0
2604,0
2605,1
2606,0
2607,1
2608,0
2609,0
2610,1
2611,1
2612,0
2613,1
2614,1
2615,1
2616,1
2617,0
2618,1
2619,1
2620,1
2621,0
2622,1
2623,0
2624,0
2625,0
2626,1
2627,1
2628,0
2629,1
2630,1
2631,1
2632,0
2633,0
2634,1
2635,0
2636,1
2637,1
2638,1
2639,0
2640,0
2641,1
2642,0
2643,1
2644,1
2645,1
2646,0
2647,1
2648,0
2649,1
2650,1
2651,0
2652,0
2653,0
2654,0
2655,0
2656,1
2657,0
2658,1
2659,0
2660,0
2661,1
2662,1
2663,0
2664,1
2665,0
2666,0
2667,0
2668,0
2669,0
2670,1
2671,1
2672,1
2673,1
2674,1
2675,0
2676,0
2677,1
2678,1
2679,0
2680,1
2681,1
2682,1
2683,1
2684,1
2685,0
2686,1
2687,0
2688,0
2689,0
2690,1
2691,1
2692,1
2693,1
2694,0
2695,0
2696,0
2697,0
2698,0
2699,0
2700,0
2701,1
2702,1
2703,0
2704,1
2705,0
2706,0
2707,0
2708,1
2709,1
2710,0
2711,0
2712,0
2713,1
2714,0
2715,0
2716,1
2717,1
2718,0
2719,1
2720,1
2721,1
2722,1
2723,1
2724,1
2725,1
2726,0
2727,1
2728,0
2729,0
2730,0
2731,0
2732,0
2733,1
2734,1
2735,1
2736,1
2737,1
2738,0
2739,0
2740,0
2741,1
2742,0
2743,0
2744,0
2745,0
2746,0
2747,0
2748,1
2749,0
2750,0
2751,0
2752,0
2753,0
2754,0
2755,1
2756,0
2757,0
2758,1
2759,1
2760,0
2761,0
2762,1
2763,1
2764,1
2765,0
2766,0
2767,1
2768,1
2769,0
2770,1
2771,1
2772,0
2773,1
2774,0
2775,0
2776,1
2777,0
2778,1
2779,0
2780,1
2781,0
2782,0
2783,0
2784,1
2785,1
2786,0
2787,0
2788,1
2789,0
2790,1
2791,1
2792,0
2793,0
2794,0
2795,1
2796,1
2797,0
2798,0
2799,1
2800,0
2801,1
2802,1
2803,1
2804,0
2805,0
2806,1
2807,1
2808,1
2809,0
2810,1
2811,1
2812,0
2813,0
2814,0
2815,1
2816,1
2817,0
2818,0
2819,0
2820,0
2821,0
2822,0
2823,1
2824,1
2825,1
2826,0
2827,0
2828,0
2829,1
2830,0
2831,0
2832,1
2833,0
2834,1
2835,1
2836,1
2837,0
2838,1
2839,0
2840,0
2841,0
2842,1
2843,1
2844,1
2845,1
2846,1
2847,0
2848,0
2849,1
2850,0
2851,0
2852,0
2853,1
2854,0
2855,0
2856,0
2857,0
2858,0
2859,1
2860,1
2861,1
2862,0
2863,0
2864,0
2865,0
2866,1
2867,1
2868,0
2869,1
2870,0
2871,0
2872,0
2873,0
2874,1
2875,1
2876,0
2877,1
2878,0
2879,0
2880,0
2881,0
2882,0
2883,0
2884,0
2885,0
2886,0
2887,0
2888,0
2889,1
2890,0
2891,1
2892,0
2893,1
2894,1
2895,0
2896,1
2897,0
2898,0
2899,1
2900,0
2901,1
2902,0
2903,0
2904,1
2905,1
2906,0
2907,1
2908,1
2909,0
2910,0
2911,1
2912,1
2913,1
2914,0
2915,1
2916,0
2917,1
2918,1
2919,1
2920,1
2921,1
2922,1
2923,0
2924,0
2925,0
2926,1
2927,1
2928,0
2929,1
2930,1
2931,0
2932,0
2933,0
2934,1
2935,0
2936,1
2937,1
2938,1
2939,1
2940,1
2941,0
2942,0
2943,0
2944,0
2945,0
2946,0
2947,0
2948,0
2949,1
2950,1
2951,1
2952,0
2953,0
2954,0
2955,1
2956,0
2957,0
2958,0
2959,0
2960,0
2961,0
2962,1
2963,1
2964,0
2965,0
2966,0
2967,1
2968,1
2969,0
2970,0
2971,0
2972,0
2973,0
2974,0
2975,0
2976,1
2977,1
2978,1
2979,0
2980,1
2981,0
2982,1
2983,1
2984,1
2985,0
2986,0
2987,0
2988,1
2989,0
2990,0
2991,1
2992,1
2993,1
2994,0
2995,1
2996,1
2997,0
2998,0
2999,1
3000,0
3001,0
3002,0
3003,0
3004,0
3005,0
3006,0
3007,0
3008,0
3009,1
3010,0
3011,0
3012,0
3013,1
3014,0
3015,1
3016,0
3017,0
3018,1
3019,0
3020,1
3021,0
3022,0
3023,0
3024,0
3025,0
3026,1
3027,1
3028,0
3029,0
3030,0
3031,0
3032,0
3033,0
3034,1
3035,0
3036,0
3037,0
3038,0
3039,0
3040,0
3041,0
3042,1
3043,0
3044,1
3045,0
3046,1
3047,1
3048,1
3049,1
3050,1
3051,1
3052,0
3053,1
3054,1
3055,1
3056,0
3057,0
3058,0
3059,1
3060,0
3061,0
3062,1
3063,1
3064,0
3065,1
3066,1
3067,0
3068,1
3069,0
3070,0
3071,1
3072,1
3073,1
3074,0
3075,0
3076,1
3077,0
3078,1
3079,0
3080,0
3081,1
3082,0
3083,0
3084,1
3085,0
3086,0
3087,1
3088,1
3089,0
3090,0
3091,0
3092,0
3093,1
3094,1
3095,1
3096,0
3097,1
3098,0
3099,0
3100,0
3101,0
3102,0
3103,1
3104,1
3105,0
3106,0
3107,1
3108,0
3109,0
3110,1
3111,1
3112,1
3113,1
3114,1
3115,0
3116,0
3117,0
3118,0
3119,0
3120,1
3121,1
3122,0
3123,1
3124,0
3125,0
3126,0
3127,0
3128,1
3129,0
3130,1
3131,0
3132,1
3133,1
3134,0
3135,0
3136,0
3137,0
3138,0
3139,1
3140,1
3141,0
3142,1
3143,1
3144,0
3145,0
3146,1
3147,0
3148,0
3149,1
3150,1
3151,0
3152,1
3153,0
3154,0
3155,0
3156,0
3157,1
3158,0
3159,1
3160,0
3161,1
3162,1
3163,1
3164,0
3165,0
3166,0
3167,0
3168,1
3169,1
3170,0
3171,1
3172,0
3173,1
3174,0
3175,0
3176,1
3177,0
3178,0
3179,1
3180,0
3181,0
3182,1
3183,1
3184,0
3185,1
3186,0
3187,0
3188,0
3189,0
3190,0
3191,0
3192,1
3193,1
3194,1
3195,0
3196,0
3197,1
3198,0
3199,1
3200,1
3201,0
3202,0
3203,1
3204,0
3205,1
3206,0
3207,0
3208,0
3209,0
3210,1
3211,0
3212,0
3213,0
3214,1
3215,1
3216,0
3217,0
3218,0
3219,0
3220,1
3221,0
3222,1
3223,0
3224,0
3225,0
3226,0
3227,0
3228,0
3229,1
3230,0
3231,1
3232,1
3233,0
3234,0
3235,1
3236,1
3237,1
3238,1
3239,0
3240,1
3241,1
3242,1
3243,0
3244,1
3245,1
3246,0
3247,1
3248,0
3249,0
3250,0
3251,1
3252,1
3253,0
3254,0
3255,0
3256,0
3257,1
3258,0
3259,0
3260,0
3261,0
3262,1
3263,1
3264,1
3265,0
3266,0
3267,0
3268,1
3269,0
3270,0
3271,1
3272,0
3273,1
3274,1
3275,1
3276,1
3277,0
3278,1
3279,1
3280,0
3281,0
3282,0
3283,1
3284,0
3285,0
3286,0
3287,0
3288,0
3289,1
3290,0
3291,1
3292,0
3293,1
3294,1
3295,1
3296,1
3297,0
3298,1
3299,1
3300,0
3301,1
3302,0
3303,1
3304,0
3305,0
3306,1
3307,0
3308,0
3309,1
3310,1
3311,1
3312,0
3313,1
3314,0
3315,1
3316,0
3317,0
3318,1
3319,1
3320,0
3321,1
3322,1
3323,0
3324,0
3325,0
3326,1
3327,1
3328,1
3329,0
3330,0
3331,0
3332,0
3333,1
3334,1
3335,1
3336,0
3337,0
3338,0
3339,0
3340,1
3341,1
3342,0
3343,0
3344,1
3345,1
3346,1
3347,0
3348,0
3349,0
3350,0
3351,0
3352,1
3353,0
3354,0
3355,1
3356,0
3357,1
3358,1
3359,1
3360,0
3361,0
3362,1
3363,0
3364,1
3365,0
3366,1
3367,0
3368,0
3369,0
3370,1
3371,0
3372,1
3373,0
3374,1
3375,0
3376,1
3377,0
3378,0
3379,0
3380,0
3381,0
3382,0
3383,1
3384,0
3385,0
3386,0
3387,1
3388,1
3389,1
3390,1
3391,1
3392,1
3393,1
3394,1
3395,0
3396,0
3397,1
3398,0
3399,0
3400,1
3401,1
3402,0
3403,0
3404,1
3405,1
3406,1
3407,1
3408,0
3409,1
3410,0
3411,0
3412,1
3413,0
3414,0
3415,1
3416,0
3417,0
3418,1
3419,0
3420,1
3421,1
3422,0
3423,1
3424,1
3425,0
3426,1
3427,1
3428,1
3429,0
3430,1
3431,1
3432,0
3433,1
3434,1
3435,1
3436,1
3437,0
3438,1
3439,0
3440,0
3441,0
3442,0
3443,1
3444,0
3445,0
3446,1
3447,0
3448,0
3449,0
3450,0
3451,0
3452,0
3453,1
3454,0
3455,0
3456,1
3457,0
3458,0
3459,1
3460,0
3461,1
3462,0
3463,0
3464,0
3465,0
3466,1
3467,0
3468,0
3469,0
3470,0
3471,0
3472,0
3473,0
3474,1
3475,1
3476,1
3477,1
3478,0
3479,0
3480,1
3481,0
3482,1
3483,0
3484,1
3485,1
3486,1
3487,0
3488,1
3489,1
3490,1
3491,1
3492,1
3493,0
3494,0
3495,0
3496,1
3497,1
3498,0
3499,1
3500,0
3501,1
3502,0
3503,0
3504,1
3505,0
3506,1
3507,0
3508,1
3509,0
3510,1
3511,1
3512,0
3513,0
3514,1
3515,1
3516,1
3517,0
3518,1
3519,0
3520,1
3521,1
3522,0
3523,1
3524,1
3525,0
3526,0
3527,0
3528,0
3529,1
3530,0
3531,1
3532,0
3533,0
3534,1
3535,0
3536,1
3537,0
3538,0
3539,0
3540,0
3541,0
3542,1
3543,1
3544,0
3545,0
3546,0
3547,1
3548,1
3549,1
3550,1
3551,1
3552,0
3553,0
3554,1
3555,0
3556,0
3557,1
3558,0
3559,0
3560,0
3561,0
3562,0
3563,1
3564,0
3565,1
3566,1
3567,0
3568,0
3569,1
3570,0
3571,1
3572,0
3573,1
3574,0
3575,1
3576,0
3577,1
3578,0
3579,1
3580,1
3581,0
3582,0
3583,0
3584,0
3585,1
3586,0
3587,1
3588,1
3589,0
3590,1
3591,0
3592,1
3593,0
3594,0
3595,0
3596,1
3597,1
3598,1
3599,1
3600,0
3601,1
3602,0
3603,1
3604,0
3605,1
3606,1
3607,0
3608,1
3609,0
3610,0
3611,1
3612,0
3613,1
3614,0
3615,1
3616,0
3617,0
3618,1
3619,0
3620,0
3621,1
3622,1
3623,0
3624,1
3625,0
3626,1
3627,0
3628,0
3629,0
3630,0
3631,0
3632,0
3633,1
3634,1
3635,0
3636,0
3637,0
3638,1
3639,0
3640,1
3641,0
3642,1
3643,1
3644,0
3645,0
3646,1
3647,0
3648,1
3649,0
3650,1
3651,1
3652,1
3653,1
3654,1
3655,0
3656,1
3657,0
3658,0
3659,0
3660,0
3661,0
3662,1
3663,1
3664,0
3665,0
3666,0
3667,0
3668,0
3669,0
3670,0
3671,1
3672,0
3673,0
3674,0
3675,1
3676,1
3677,1
3678,1
3679,0
3680,0
3681,1
3682,1
3683,0
3684,0
3685,1
3686,1
3687,0
3688,0
3689,1
3690,0
3691,1
3692,1
3693,0
3694,0
3695,0
3696,0
3697,1
3698,0
3699,0
3700,0
3701,1
3702,1
3703,1
3704,1
3705,1
3706,0
3707,0
3708,1
3709,0
3710,1
3711,1
3712,1
3713,0
3714,1
3715,1
3716,0
3717,1
3718,1
3719,1
3720,0
3721,0
3722,1
3723,1
3724,1
3725,1
3726,0
3727,0
3728,0
3729,0
3730,0
3731,1
3732,1
3733,1
3734,0
3735,1
3736,1
3737,1
3738,1
3739,0
3740,0
3741,0
3742,1
3743,1
3744,1
3745,0
3746,1
3747,1
3748,0
3749,0
3750,0
3751,0
3752,0
3753,0
3754,1
3755,0
3756,1
3757,1
3758,1
3759,1
3760,1
3761,0
3762,0
3763,1
3764,0
3765,1
3766,1
3767,0
3768,0
3769,0
3770,0
3771,0
3772,0
3773,1
3774,1
3775,0
3776,1
3777,0
3778,0
3779,1
3780,0
3781,0
3782,0
3783,0
3784,1
3785,0
3786,0
3787,0
3788,0
3789,1
3790,1
3791,1
3792,1
3793,1
3794,0
3795,0
3796,0
3797,1
3798,1
3799,1
3800,1
3801,0
3802,0
3803,0
3804,1
3805,0
3806,0
3807,1
3808,1
3809,1
3810,1
3811,0
3812,1
3813,0
3814,0
3815,1
3816,1
3817,0
3818,0
3819,0
3820,1
3821,1
3822,1
3823,0
3824,1
3825,0
3826,1
3827,1
3828,1
3829,1
3830,1
3831,0
3832,1
3833,0
3834,1
3835,0
3836,0
3837,1
3838,1
3839,0
3840,1
3841,1
3842,0
3843,0
3844,0
3845,0
3846,1
3847,1
3848,1
3849,0
3850,0
3851,0
3852,0
3853,1
3854,0
3855,0
3856,1
3857,1
3858,0
3859,0
3860,0
3861,0
3862,0
3863,1
3864,1
3865,0
3866,0
3867,1
3868,0
3869,1
3870,0
3871,0
3872,0
3873,0
3874,1
3875,1
3876,0
3877,0
3878,0
3879,1
3880,1
3881,1
3882,1
3883,0
3884,0
3885,1
3886,0
3887,1
3888,0
3889,1
3890,1
3891,0
3892,0
3893,1
3894,1
3895,1
3896,0
3897,1
3898,0
3899,1
3900,1
3901,1
3902,0
3903,0
3904,1
3905,0
3906,0
3907,1
3908,0
3909,1
3910,0
3911,1
3912,1
3913,0
3914,1
3915,1
3916,1
3917,1
3918,0
3919,1
3920,1
3921,0
3922,0
3923,0
3924,0
3925,0
3926,1
3927,0
3928,0
3929,1
3930,1
3931,1
3932,0
3933,0
3934,0
3935,0
3936,0
3937,0
3938,0
3939,1
3940,1
3941,1
3942,0
3943,0
3944,0
3945,1
3946,0
3947,1
3948,1
3949,0
3950,0
3951,0
3952,1
3953,1
3954,1
3955,0
3956,1
3957,0
3958,1
3959,0
3960,1
3961,0
3962,1
3963,1
3964,1
3965,0
3966,1
3967,0
3968,1
3969,0
3970,1
3971,0
3972,0
3973,1
3974,1
3975,0
3976,1
3977,0
3978,1
3979,0
3980,1
3981,1
3982,1
3983,0
3984,0
3985,1
3986,0
3987,0
3988,1
3989,1
3990,1
3991,0
3992,0
3993,0
3994,0
3995,0
3996,0
3997,0
3998,0
3999,0
4000,0
4001,1
4002,1
4003,0
4004,0
4005,1
4006,1
4007,1
4008,1
4009,1
4010,1
4011,0
4012,0
4013,0
4014,0
4015,1
4016,0
4017,1
4018,0
4019,0
4020,0
4021,1
4022,1
4023,1
4024,0
4025,1
4026,0
4027,0
4028,1
4029,1
4030,0
4031,0
4032,1
4033,1
4034,0
4035,0
4036,0
4037,0
4038,0
4039,1
4040,1
4041,0
4042,1
4043,0
4044,0
4045,1
4046,0
4047,0
4048,1
4049,0
4050,0
4051,0
4052,0
4053,1
4054,0
4055,0
4056,0
4057,1
4058,0
4059,0
4060,0
4061,0
4062,0
4063,1
4064,1
4065,1
4066,1
4067,0
4068,0
4069,1
4070,0
4071,1
4072,1
4073,0
4074,0
4075,0
4076,1
4077,0
4078,1
4079,0
4080,1
4081,0
4082,0
4083,0
4084,0
4085,1
4086,1
4087,0
4088,0
4089,0
4090,0
4091,0
4092,0
4093,1
4094,1
4095,1
4096,0
4097,1
4098,0
4099,0
4100,1
4101,1
4102,0
4103,0
4104,1
4105,1
4106,0
4107,0
4108,0
4109,0
4110,0
4111,0
4112,0
4113,1
4114,0
4115,1
4116,1
4117,1
4118,0
4119,1
4120,0
4121,0
4122,1
4123,0
4124,1
4125,0
4126,1
4127,1
4128,1
4129,0
4130,1
4131,0
4132,1
4133,0
4134,0
4135,0
4136,1
4137,1
4138,1
4139,1
4140,1
4141,0
4142,0
4143,1
4144,1
4145,1
4146,0
4147,1
4148,0
4149,0
4150,0
4151,0
4152,0
4153,1
4154,0
4155,0
4156,0
4157,0
4158,1
4159,1
4160,1
4161,0
4162,0
4163,0
4164,0
4165,0
4166,1
4167,0
4168,0
4169,0
4170,0
4171,0
4172,0
4173,1
4174,1
4175,0
4176,1
4177,1
4178,0
4179,0
4180,1
4181,1
4182,1
4183,1
4184,0
4185,1
4186,0
4187,0
4188,1
4189,1
4190,1
4191,0
4192,1
4193,0
4194,0
4195,0
4196,0
4197,0
4198,1
4199,1
4200,0
4201,1
4202,0
4203,0
4204,0
4205,1
4206,0
4207,1
4208,1
4209,0
4210,0
4211,0
4212,0
4213,0
4214,0
4215,0
4216,0
4217,0
4218,1
4219,0
4220,1
4221,1
4222,0
4223,0
4224,0
4225,0
4226,1
4227,0
4228,1
4229,1
4230,1
4231,1
4232,0
4233,1
4234,1
4235,0
4236,1
4237,0
4238,1
4239,0
4240,1
4241,0
4242,1
4243,1
4244,1
4245,0
4246,0
4247,1
4248,0
4249,0
4250,1
4251,0
4252,1
4253,0
4254,0
4255,1
4256,0
4257,1
4258,0
4259,1
4260,1
4261,0
4262,1
4263,0
4264,1
4265,0
4266,0
4267,0
4268,1
4269,1
4270,1
4271,1
4272,1
4273,0
4274,1
4275,0
4276,1
4277,1
4278,0
4279,0
4280,0
4281,1
4282,0
4283,0
4284,1
4285,0
4286,1
4287,1
4288,0
4289,1
4290,0
4291,1
4292,1
4293,0
4294,0
4295,0
4296,1
4297,0
4298,0
4299,0
4300,0
4301,1
4302,0
4303,0
4304,1
4305,0
4306,1
4307,1
4308,0
4309,0
4310,0
4311,1
4312,1
4313,0
4314,0
4315,0
4316,1
4317,1
4318,1
4319,1
4320,0
4321,1
4322,0
4323,0
4324,1
4325,1
4326,1
4327,1
4328,0
4329,1
4330,1
4331,1
4332,1
4333,1
4334,0
4335,0
4336,0
4337,0
4338,1
4339,1
4340,0
4341,1
4342,0
4343,0
4344,1
4345,0
4346,1
4347,1
4348,1
4349,1
4350,1
4351,0
4352,1
4353,0
4354,0
4355,1
4356,1
4357,1
4358,1
4359,0
4360,0
4361,0
4362,0
4363,1
4364,0
4365,1
4366,1
4367,1
4368,0
4369,0
4370,1
4371,1
4372,0
4373,1
4374,1
4375,0
4376,0
4377,1
4378,1
4379,0
4380,0
4381,1
4382,0
4383,0
4384,1
4385,0
4386,1
4387,0
4388,1
4389,0
4390,0
4391,0
4392,1
4393,0
4394,1
4395,0
4396,0
4397,0
4398,1
4399,0
4400,1
4401,1
4402,1
4403,0
4404,0
4405,1
4406,0
4407,1
4408,0
4409,0
4410,0
4411,0
4412,0
4413,0
4414,1
4415,1
4416,0
4417,0
4418,0
4419,0
4420,0
4421,0
4422,0
4423,0
4424,0
4425,1
4426,1
4427,0
4428,1
4429,1
4430,0
4431,0
4432,0
4433,0
4434,0
4435,1
4436,1
4437,1
4438,1
4439,1
4440,1
4441,1
4442,0
4443,0
4444,0
4445,1
4446,1
4447,0
4448,0
4449,0
4450,0
4451,1
4452,0
4453,0
4454,1
4455,1
4456,1
4457,0
4458,1
4459,0
4460,0
4461,0
4462,0
4463,0
4464,0
4465,0
4466,0
4467,1
4468,1
4469,1
4470,0
4471,0
4472,0
4473,0
4474,1
4475,0
4476,0
4477,0
4478,1
4479,0
4480,0
4481,1
4482,1
4483,0
4484,0
4485,1
4486,1
4487,0
4488,1
4489,1
4490,1
4491,1
4492,1
4493,1
4494,0
4495,1
4496,1
4497,1
4498,0
4499,1
4500,1
4501,1
4502,0
4503,0
4504,0
4505,1
4506,0
4507,1
4508,1
4509,1
4510,0
4511,1
4512,0
4513,0
4514,1
4515,0
4516,1
4517,0
4518,1
4519,0
4520,1
4521,0
4522,0
4523,0
4524,1
4525,0
4526,1
4527,1
4528,1
4529,0
4530,0
4531,0
4532,1
4533,0
4534,1
4535,0
4536,1
4537,0
4538,1
4539,1
4540,1
4541,0
4542,0
4543,1
4544,0
4545,0
4546,0
4547,1
4548,0
4549,0
4550,1
4551,1
4552,1
4553,0
4554,0
4555,1
4556,1
4557,1
4558,0
4559,0
4560,0
4561,0
4562,0
4563,0
4564,0
4565,1
4566,0
4567,1
4568,1
4569,0
4570,0
4571,0
4572,0
4573,0
4574,0
4575,0
4576,1
4577,1
4578,1
4579,0
4580,0
4581,0
4582,1
4583,1
4584,1
4585,1
4586,0
4587,0
4588,0
4589,1
4590,0
4591,0
4592,0
4593,1
4594,0
4595,0
4596,0
4597,1
4598,1
4599,1
4600,1
4601,0
4602,1
4603,0
4604,0
4605,0
4606,1
4607,0
4608,0
4609,0
4610,0
4611,1
4612,0
4613,0
4614,1
4615,0
4616,1
4617,0
4618,1
4619,1
4620,0
4621,0
4622,1
4623,1
4624,1
4625,1
4626,1
4627,1
4628,0
4629,1
4630,0
4631,1
4632,1
4633,1
4634,0
4635,1
4636,1
4637,1
4638,0
4639,0
4640,0
4641,1
4642,1
4643,0
4644,0
4645,0
4646,1
4647,1
4648,1
4649,0
4650,0
4651,1
4652,1
4653,0
4654,1
4655,1
4656,0
4657,0
4658,0
4659,0
4660,0
4661,1
4662,0
4663,0
4664,0
4665,1
4666,0
4667,0
4668,0
4669,0
4670,1
4671,0
4672,1
4673,0
4674,1
4675,0
4676,0
4677,0
4678,1
4679,0
4680,0
4681,1
4682,0
4683,1
4684,0
4685,1
4686,0
4687,0
4688,0
4689,1
4690,0
4691,1
4692,0
4693,1
4694,0
4695,1
4696,0
4697,1
4698,1
4699,0
4700,1
4701,0
4702,0
4703,0
4704,1
4705,0
4706,0
4707,0
4708,1
4709,0
4710,0
4711,0
4712,0
4713,0
4714,1
4715,0
4716,0
4717,0
4718,1
4719,0
4720,0
4721,1
4722,0
4723,0
4724,0
4725,1
4726,1
4727,0
4728,1
4729,0
4730,0
4731,0
4732,0
4733,1
4734,1
4735,1
4736,1
4737,1
4738,0
4739,0
4740,0
4741,0
4742,0
4743,0
4744,0
4745,0
4746,0
4747,1
4748,1
4749,0
4750,1
4751,1
4752,0
4753,0
4754,1
4755,0
4756,1
4757,0
4758,1
4759,1
4760,0
4761,1
4762,0
4763,0
4764,1
4765,0
4766,1
4767,1
4768,0
4769,0
4770,0
4771,1
4772,0
4773,0
4774,1
4775,0
4776,0
4777,1
4778,1
4779,0
4780,0
4781,1
4782,0
4783,0
4784,0
4785,0
4786,0
4787,0
4788,0
4789,1
4790,0
4791,1
4792,1
4793,0
4794,0
4795,0
4796,1
4797,0
4798,1
4799,0
4800,0
4801,0
4802,0
4803,0
4804,1
4805,0
4806,0
4807,1
4808,0
4809,0
4810,1
4811,0
4812,0
4813,1
4814,1
4815,1
4816,0
4817,0
4818,1
4819,1
4820,1
4821,1
4822,0
4823,1
4824,1
4825,1
4826,1
4827,1
4828,0
4829,0
4830,0
4831,0
4832,1
4833,0
4834,0
4835,1
4836,0
4837,1
4838,0
4839,0
4840,0
4841,1
4842,0
4843,1
4844,0
4845,1
4846,0
4847,0
4848,1
4849,1
4850,0
4851,0
4852,1
4853,0
4854,0
4855,0
4856,1
4857,0
4858,0
4859,1
4860,0
4861,0
4862,1
4863,0
4864,0
4865,0
4866,1
4867,1
4868,1
4869,1
4870,1
4871,1
4872,0
4873,0
4874,0
4875,0
4876,1
4877,0
4878,0
4879,0
4880,0
4881,1
4882,1
4883,1
4884,1
4885,1
4886,1
4887,0
4888,0
4889,0
4890,0
4891,1
4892,1
4893,1
4894,1
4895,0
4896,1
4897,0
4898,1
4899,0
4900,0
4901,0
4902,1
4903,1
4904,0
4905,1
4906,1
4907,0
4908,0
4909,1
4910,0
4911,1
4912,1
4913,0
4914,1
4915,0
4916,0
4917,1
4918,0
4919,1
4920,1
4921,0
4922,1
4923,0
4924,1
4925,0
4926,0
4927,1
4928,0
4929,0
4930,1
4931,1
4932,1
4933,0
4934,1
4935,1
4936,1
4937,0
4938,0
4939,1
4940,0
4941,1
4942,1
4943,1
4944,1
4945,0
4946,1
4947,0
4948,0
4949,1
4950,0
4951,1
4952,0
4953,1
4954,1
4955,0
4956,1
4957,1
4958,1
4959,0
4960,0
4961,0
4962,0
4963,0
4964,0
4965,1
4966,0
4967,1
4968,0
4969,1
4970,0
4971,0
4972,0
4973,0
4974,0
4975,1
4976,1
4977,1
4978,0
4979,0
4980,1
4981,0
4982,1
4983,1
4984,0
4985,0
4986,0
4987,0
4988,0
4989,1
4990,0
4991,1
4992,0
4993,0
4994,1
4995,0
4996,0
4997,1
4998,0
4999,0
5000,0
5001,0
5002,1
5003,0
5004,1
5005,1
5006,0
5007,0
5008,1
5009,0
5010,1
5011,1
5012,1
5013,0
5014,0
5015,1
5016,1
5017,1
5018,0
5019,0
5020,1
5021,1
5022,0
5023,0
5024,0
5025,0
5026,0
5027,0
5028,1
5029,0
5030,1
5031,0
5032,0
5033,0
5034,1
5035,0
5036,0
5037,0
5038,0
5039,1
5040,0
5041,1
5042,1
5043,0
5044,1
5045,0
5046,1
5047,1
5048,1
5049,0
5050,1
5051,0
5052,0
5053,1
5054,1
5055,0
5056,0
5057,1
5058,0
5059,0
5060,1
5061,0
5062,1
5063,1
5064,1
5065,1
5066,1
5067,0
5068,1
5069,1
5070,0
5071,1
5072,0
5073,0
5074,0
5075,1
5076,0
5077,0
5078,1
5079,1
5080,0
5081,1
5082,0
5083,0
5084,1
5085,0
5086,1
5087,0
5088,0
5089,1
5090,0
5091,0
5092,0
5093,0
5094,1
5095,1
5096,0
5097,0
5098,0
5099,1
5100,1
5101,1
5102,0
5103,1
5104,0
5105,0
5106,0
5107,0
5108,1
5109,1
5110,0
5111,0
5112,0
5113,0
5114,1
5115,1
5116,0
5117,1
5118,0
5119,1
5120,1
5121,1
5122,1
5123,1
5124,0
5125,1
5126,0
5127,0
5128,0
5129,1
5130,0
5131,1
5132,0
5133,1
5134,1
5135,0
5136,1
5137,0
5138,1
5139,0
5140,0
5141,0
5142,0
5143,1
5144,0
5145,0
5146,0
5147,1
5148,1
5149,1
5150,1
5151,1
5152,0
5153,1
5154,1
5155,0
5156,0
5157,1
5158,0
5159,1
5160,0
5161,1
5162,0
5163,0
5164,0
5165,0
5166,0
5167,1
5168,0
5169,1
5170,0
5171,0
5172,1
5173,0
5174,0
5175,0
5176,0
5177,0
5178,0
5179,0
5180,0
5181,1
5182,0
5183,0
5184,1
5185,1
5186,0
5187,0
5188,0
5189,1
5190,0
5191,0
5192,0
5193,1
5194,1
5195,0
5196,0
5197,0
5198,1
5199,0
5200,1
5201,1
5202,1
5203,0
5204,1
5205,1
5206,1
5207,1
5208,0
5209,1
5210,0
5211,1
5212,1
5213,0
5214,0
5215,0
5216,0
5217,1
5218,1
5219,1
5220,0
5221,1
5222,1
5223,0
5224,0
5225,1
5226,1
5227,1
5228,0
5229,0
5230,1
5231,0
5232,1
5233,1
5234,0
5235,1
5236,1
5237,0
5238,1
5239,1
5240,0
5241,0
5242,0
5243,1
5244,0
5245,0
5246,1
5247,0
5248,0
5249,0
5250,1
5251,1
5252,0
5253,1
5254,1
5255,1
5256,0
5257,1
5258,0
5259,1
5260,1
5261,0
5262,0
5263,1
5264,0
5265,0
5266,1
5267,1
5268,0
5269,0
5270,1
5271,0
5272,1
5273,0
5274,1
5275,1
5276,0
5277,1
5278,0
5279,1
5280,0
5281,0
5282,0
5283,0
5284,0
5285,0
5286,0
5287,1
5288,0
5289,1
5290,0
5291,0
5292,1
5293,1
5294,0
5295,0
5296,1
5297,0
5298,1
5299,0
5300,0
5301,0
5302,1
5303,1
5304,0
5305,1
5306,1
5307,0
5308,1
5309,0
5310,0
5311,0
5312,1
5313,0
5314,1
5315,1
5316,0
5317,0
5318,0
5319,1
5320,1
5321,0
5322,0
5323,0
5324,0
5325,0
5326,1
5327,0
5328,0
5329,1
5330,0
5331,1
5332,0
5333,0
5334,0
5335,0
5336,0
5337,0
5338,1
5339,1
5340,0
5341,0
5342,0
5343,0
5344,0
5345,0
5346,0
5347,1
5348,1
5349,0
5350,0
5351,1
5352,1
5353,0
5354,0
5355,0
5356,1
5357,0
5358,0
5359,1
5360,0
5361,1
5362,1
5363,0
5364,0
5365,1
5366,1
5367,0
5368,0
5369,1
5370,0
5371,1
5372,1
5373,0
5374,1
5375,0
5376,0
5377,1
5378,0
5379,1
5380,0
5381,0
5382,0
5383,0
5384,1
5385,1
5386,1
5387,1
5388,0
5389,0
5390,1
5391,1
5392,0
5393,0
5394,0
5395,1
5396,0
5397,0
5398,0
5399,1
5400,0
5401,1
5402,0
5403,1
5404,1
5405,1
5406,0
5407,0
5408,1
5409,0
5410,1
5411,1
5412,1
5413,1
5414,1
5415,0
5416,0
5417,1
5418,1
5419,1
5420,1
5421,1
5422,1
5423,0
5424,0
5425,1
5426,0
5427,1
5428,1
5429,1
5430,1
5431,1
5432,0
5433,0
5434,1
5435,1
5436,0
5437,0
5438,1
5439,1
5440,0
5441,0
5442,1
5443,0
5444,1
5445,1
5446,0
5447,0
5448,0
5449,0
5450,0
5451,0
5452,0
5453,0
5454,0
5455,0
5456,0
5457,0
5458,0
5459,0
5460,1
5461,1
5462,1
5463,0
5464,0
5465,0
5466,0
5467,0
5468,1
5469,0
5470,1
5471,0
5472,0
5473,0
5474,1
5475,0
5476,1
5477,1
5478,1
5479,1
5480,1
5481,1
5482,0
5483,1
5484,0
5485,1
5486,1
5487,0
5488,1
5489,0
5490,0
5491,0
5492,0
5493,0
5494,0
5495,0
5496,0
5497,1
5498,1
5499,0
5500,1
5501,1
5502,1
5503,0
5504,0
5505,0
5506,0
5507,0
5508,0
5509,1
5510,0
5511,0
5512,0
5513,1
5514,0
5515,0
5516,1
5517,1
5518,1
5519,0
5520,0
5521,0
5522,0
5523,0
5524,0
5525,0
5526,1
5527,0
5528,0
5529,1
5530,0
5531,0
5532,0
5533,1
5534,0
5535,0
5536,0
5537,1
5538,0
5539,0
5540,0
5541,0
5542,0
5543,0
5544,0
5545,0
5546,0
5547,0
5548,0
5549,0
5550,0
5551,1
5552,0
5553,1
5554,0
5555,1
5556,0
5557,0
5558,0
5559,0
5560,1
5561,0
5562,0
5563,0
5564,0
5565,1
5566,0
5567,1
5568,0
5569,0
5570,1
5571,0
5572,0
5573,0
5574,1
5575,0
5576,0
5577,0
5578,0
5579,1
5580,1
5581,0
5582,0
5583,1
5584,1
5585,0
5586,1
5587,1
5588,0
5589,0
5590,0
5591,0
5592,1
5593,0
5594,0
5595,0
5596,0
5597,1
5598,0
5599,0
5600,0
5601,1
5602,1
5603,0
5604,1
5605,1
5606,1
5607,1
5608,0
5609,0
5610,0
5611,0
5612,0
5613,1
5614,0
5615,0
5616,1
5617,0
5618,0
5619,0
5620,0
5621,0
5622,0
5623,1
5624,1
5625,0
5626,1
5627,0
5628,0
5629,1
5630,1
5631,1
5632,1
5633,0
5634,0
5635,0
5636,1
5637,0
5638,0
5639,0
5640,1
5641,1
5642,1
5643,1
5644,0
5645,1
5646,1
5647,0
5648,1
5649,0
5650,0
5651,1
5652,1
5653,1
5654,1
5655,1
5656,0
5657,1
5658,0
5659,1
5660,1
5661,0
5662,0
5663,0
5664,1
5665,1
5666,0
5667,1
5668,1
5669,0
5670,0
5671,1
5672,0
5673,0
5674,0
5675,1
5676,1
5677,1
5678,0
5679,1
5680,0
5681,0
5682,0
5683,1
5684,1
5685,0
5686,0
5687,0
5688,1
5689,0
5690,1
5691,0
5692,1
5693,0
5694,0
5695,1
5696,1
5697,0
5698,1
5699,1
5700,1
5701,1
5702,1
5703,1
5704,0
5705,1
5706,1
5707,1
5708,1
5709,0
5710,1
5711,0
5712,1
5713,1
5714,0
5715,1
5716,0
5717,0
5718,1
5719,0
5720,0
5721,1
5722,0
5723,1
5724,0
5725,0
5726,1
5727,1
5728,1
5729,0
5730,0
5731,0
5732,1
5733,0
5734,0
5735,0
5736,0
5737,0
5738,0
5739,0
5740,1
5741,1
5742,1
5743,0
5744,0
5745,1
5746,0
5747,0
5748,0
5749,1
5750,1
5751,0
5752,0
5753,1
5754,0
5755,1
5756,1
5757,1
5758,1
5759,1
5760,1
5761,0
5762,0
5763,0
5764,0
5765,1
5766,0
5767,0
5768,0
5769,0
5770,1
5771,0
5772,0
5773,1
5774,1
5775,0
5776,1
5777,1
5778,1
5779,0
5780,1
5781,0
5782,0
5783,1
5784,1
5785,1
5786,0
5787,0
5788,0
5789,0
5790,1
5791,0
5792,1
5793,0
5794,0
5795,0
5796,1
5797,0
5798,0
5799,0
5800,0
5801,0
5802,1
5803,0
5804,0
5805,1
5806,1
5807,1
5808,0
5809,1
5810,1
5811,1
5812,1
5813,0
5814,1
5815,0
5816,1
5817,1
5818,0
5819,0
5820,0
5821,0
5822,1
5823,1
5824,1
5825,1
5826,0
5827,1
5828,1
5829,0
5830,1
5831,1
5832,0
5833,0
5834,0
5835,0
5836,1
5837,0
5838,0
5839,0
5840,0
5841,0
5842,0
5843,0
5844,0
5845,0
5846,1
5847,1
5848,1
5849,0
5850,1
5851,1
5852,0
5853,1
5854,0
5855,0
5856,0
5857,1
5858,1
5859,0
5860,1
5861,0
5862,1
5863,1
5864,1
5865,1
5866,1
5867,0
5868,0
5869,0
5870,1
5871,1
5872,1
5873,1
5874,1
5875,0
5876,0
5877,0
5878,0
5879,1
5880,0
5881,0
5882,0
5883,1
5884,0
5885,0
5886,0
5887,0
5888,1
5889,0
5890,1
5891,1
5892,1
5893,1
5894,0
5895,0
5896,0
5897,1
5898,0
5899,0
5900,1
5901,1
5902,1
5903,0
5904,1
5905,0
5906,0
5907,1
5908,0
5909,0
5910,1
5911,0
5912,1
5913,0
5914,0
5915,0
5916,0
5917,0
5918,1
5919,0
5920,0
5921,0
5922,0
5923,1
5924,1
5925,1
5926,1
5927,0
5928,0
5929,0
5930,0
5931,1
5932,0
5933,1
5934,0
5935,0
5936,0
5937,1
5938,1
5939,0
5940,0
5941,1
5942,1
5943,1
5944,0
5945,0
5946,0
5947,0
5948,1
5949,1
5950,0
5951,0
5952,1
5953,0
5954,0
5955,1
5956,0
5957,1
5958,0
5959,0
5960,0
5961,0
5962,0
5963,1
5964,1
5965,1
5966,0
5967,1
5968,1
5969,0
5970,0
5971,0
5972,1
5973,0
5974,0
5975,1
5976,1
5977,0
5978,1
5979,1
5980,0
5981,0
5982,1
5983,0
5984,1
5985,0
5986,1
5987,0
5988,0
5989,1
5990,1
5991,0
5992,0
5993,0
5994,0
5995,1
5996,1
5997,1
5998,1
5999,1
6000,0
6001,0
6002,1
6003,1
6004,0
6005,1
6006,0
6007,1
6008,0
6009,1
6010,0
6011,0
6012,0
6013,1
6014,1
6015,1
6016,0
6017,1
6018,1
6019,0
6020,0
6021,1
6022,1
6023,0
6024,0
6025,1
6026,0
6027,0
6028,0
6029,0
6030,0
6031,0
6032,0
6033,1
6034,1
